{
  "project_info": {
    "project_number": "723677996094",
    "firebase_url": "https://bewiththem-11068.firebaseio.com",
    "project_id": "bewiththem-11068",
    "storage_bucket": "bewiththem-11068.appspot.com"
  },
  "client": [
    {
      "client_info": {
        "mobilesdk_app_id": "1:723677996094:android:908ea2cf7814e68ab2dd6f",
        "android_client_info": {
          "package_name": "com.coderscouch.android.gpbewiththem"
        }
      },
      "oauth_client": [
        {
          "client_id": "723677996094-et7pnkcqanuks48efi9vp1624cl9l3t7.apps.googleusercontent.com",
          "client_type": 1,
          "android_info": {
            "package_name": "com.coderscouch.android.gpbewiththem",
            "certificate_hash": "7963ca158c333df894dbcd77a0ed77e84b91be8a"
          }
        },
        {
          "client_id": "723677996094-fq3pb8en23p7gdhpb7jluo0jstgd1lhk.apps.googleusercontent.com",
          "client_type": 3
        }
      ],
      "api_key": [
        {
          "current_key": "AIzaSyDAccbu3BVprGWH8ZVLAlotCYvUpFElgkg"
        }
      ],
      "services": {
        "appinvite_service": {
          "other_platform_oauth_client": [
            {
              "client_id": "723677996094-fq3pb8en23p7gdhpb7jluo0jstgd1lhk.apps.googleusercontent.com",
              "client_type": 3
            }
          ]
        }
      }
    }
  ],
  "configuration_version": "1"
}